<?xml version="1.0" encoding="UTF-8" ?>
<beans xmlns="http://www.springframework.org/schema/beans"
       xmlns:xsi="http://www.w3.org/2001/XMLSchema-instance"
       xmlns:util="http://www.springframework.org/schema/util" xsi:schemaLocation="
        http://www.springframework.org/schema/beans http://www.springframework.org/schema/beans/spring-beans.xsd
        http://www.springframework.org/schema/util http://www.springframework.org/schema/util/spring-util.xsd">

    <bean id="btechcsc" class="com.cdi.beans.Course">
        <constructor-arg>
            <util:set value-type="java.lang.String" set-class="java.util.HashSet">
                <value>Anderson</value>
                <value>Alex</value>
                <value>Amber</value>
            </util:set>
        </constructor-arg>
        <property name="subjects">
            <util:list value-type="java.lang.String" list-class="java.util.LinkedList">
                <value>Math</value>
                <value>Operating Systems</value>
                <value>Data Structures</value>
            </util:list>
        </property>
    </bean>

    <bean id="btechece" class="com.cdi.beans.Course">
        <constructor-arg>
            <util:set value-type="java.lang.String" set-class="java.util.HashSet">
                <value>Paul</value>
                <value>Peter</value>
                <value>Patrick</value>
            </util:set>
        </constructor-arg>
        <property name="subjects">
            <util:list value-type="java.lang.String" list-class="java.util.LinkedList">
                <value>Math</value>
                <value>Microprocessor</value>
                <value>Digital Electronics</value>
            </util:list>
        </property>
    </bean>

    <bean id="university" class="com.cdi.beans.University">
        <constructor-arg>
            <util:map key-type="java.lang.String" value-type="com.cdi.beans.Course">
                <entry key="Paul" value-ref="btechece"/>
                <entry key="Anderson" value-ref="btechcsc"/>
            </util:map>
        </constructor-arg>
        <constructor-arg>
            <util:properties>
                <prop key="Samuel">Csc</prop>
                <prop key="Jane">Ece</prop>
            </util:properties>
        </constructor-arg>
    </bean>


</beans>